full_name,gender,country,salary,weight,height
Rustin O'Riordan,Bigender,Indonesia,58977,58.63,78.88
Dannie Breache,Polygender,Czech Republic,40022,74.71,77.82
Meredithe McPheat,Polygender,China,50648,71.11,92.91
Cristen Cantillion,Female,China,63855,86.67,97.84
Meagan Whitloe,Bigender,Philippines,57843,76.43,98.82
Rosemonde Bruhn,Bigender,Russia,49501,56.44,47.55
Millicent Becerro,Non-binary,Indonesia,35924,69.07,46.74
Susy Bjorkan,Female,Russia,29738,89.54,83.15
Carmel McNirlin,Female,Sweden,34509,53.46,62.67
Gus Triebner,Genderqueer,Indonesia,37414,56.87,58.6
Laughton Ellicott,Genderqueer,Indonesia,25215,67.33,57.87
Jimmie Blasio,Non-binary,Russia,40148,55.83,103.58
Jocelyn Guillart,Polygender,Cameroon,33657,54.57,71.1
Zarla Halsted,Agender,Panama,26515,88.99,55.37
Dav Goter,Male,Russia,50983,85.11,46.25
Neill Wildt,Bigender,Portugal,59963,61.81,80.38
Ida Lismer,Female,Senegal,55969,74.53,72.28
Johny Andrzejewski,Female,Comoros,37582,78.93,71.73
Scarlet Sparshott,Genderfluid,Indonesia,58012,79.08,82.87
Gunter Olivier,Agender,United Kingdom,48546,84.3,70.92
Vince Hyde,Bigender,New Zealand,61095,69.86,83.71
Tara Pinkett,Female,Netherlands,27966,51.31,78.47
Sully Iacoboni,Genderfluid,Japan,54073,70.63,97.39
Obediah Brookesbie,Polygender,Indonesia,46719,58.59,57.02
Gerladina Hamlington,Genderfluid,Indonesia,32627,56.02,76.83
Matty Ourry,Male,Macedonia,29395,52.06,103.05
Cesaro Nerney,Polygender,Nigeria,60684,67.32,80.68
Miof mela Orteaux,Female,Sweden,44404,81.39,58.07
Georgia Harmer,Bigender,Lithuania,39917,59.79,52.81
Gabbie Bendall,Genderfluid,Indonesia,54631,75.8,50.84
Josie Avo,Male,China,53596,81.86,43.53
Kitty Atling,Agender,France,27700,67.67,97.04
Ardine Hefforde,Non-binary,China,25997,88.49,104.93
Carmine Sail,Genderfluid,Portugal,26773,67.31,64.87
Myron Gut,Polygender,Indonesia,28364,71.95,66.69
Goober Zohrer,Bigender,Serbia,37884,67.07,95.6
Sarette Goalley,Polygender,Indonesia,46354,86.86,81.43
Coleman Coopman,Male,Indonesia,42667,56.55,93.94
Ashely Backen,Bigender,Russia,34561,76.24,95.83
Ray Basilone,Non-binary,Poland,38396,56.01,55.46
Thoma Lorryman,Bigender,Peru,26289,69.51,74.29
Gawen Shoesmith,Genderfluid,Argentina,41565,51.67,109.13
Alena Kubik,Agender,Indonesia,44942,80.35,77.51
Godart Dannett,Polygender,Philippines,31882,58.91,58.28
Armin Maccrie,Genderqueer,Russia,52704,59.03,95.92
Gayelord Gascoine,Agender,Zambia,57751,53.53,56.26
Claretta Volkes,Bigender,Indonesia,57779,55.58,58.09
Lacy Klimsch,Male,Ukraine,25142,82.47,97.12
Ulrika Zapatero,Male,Malaysia,32629,73.07,106.66
Marlena Djokic,Non-binary,Norway,26210,86.78,94.82
Uriah Itzkovwich,Female,Sweden,26874,57.68,56.99
Almeta Ballsdon,Non-binary,Portugal,59637,59.69,104.66
Tildie Harriott,Female,Finland,38233,60.2,95.0
Tildie Dracey,Female,Russia,39105,67.11,88.14
Gregory Vyse,Bigender,Portugal,53524,60.16,61.37
Josefina Winwood,Agender,United Kingdom,59748,64.02,63.34
Claude Keld,Polygender,Philippines,26519,86.16,75.36
Hershel Lockwood,Genderfluid,Indonesia,40725,73.79,81.78
Murvyn Scupham,Non-binary,Indonesia,33108,66.46,43.56
Timotheus Amos,Genderqueer,China,62142,65.78,106.02
Meara Twallin,Agender,Serbia,47543,87.67,55.8
Kaleena Sergison,Polygender,Indonesia,48802,82.74,58.92
Zoe Lindner,Agender,Germany,28505,53.83,42.92
Roxine Dubois,Genderfluid,Mongolia,53332,54.16,47.43
Akim Tomczak,Non-binary,Tunisia,35339,56.25,87.65
Vale Stoppe,Genderqueer,Brazil,46841,80.99,76.68
Karoline Hawkridge,Agender,Vietnam,39007,58.98,58.37
Franzen Arkwright,Genderfluid,Mali,58369,67.02,75.8
Blanche Trenam,Genderqueer,Indonesia,26647,82.13,84.13
Gavrielle Bilby,Female,China,39253,78.07,71.01
Rowney Monk,Genderqueer,Philippines,62977,71.81,93.98
Baldwin Tarbath,Bigender,Armenia,29679,60.79,94.38
Jordana Sutter,Polygender,Portugal,33797,89.79,63.31
Cristobal Joslin,Polygender,Mexico,35964,62.52,58.35
Allin Peggrem,Polygender,Panama,39550,83.45,54.9
Penelopa Ranyard,Polygender,Indonesia,59794,53.26,83.24
Felicia Cohani,Polygender,Russia,50145,69.9,94.78
Herschel Petroulis,Genderfluid,China,34384,51.47,100.77
Gert Seavers,Non-binary,Vietnam,62662,85.89,60.75
Guillermo Deem,Bigender,China,34417,79.76,96.45
Adiana Etches,Female,Peru,43923,63.69,77.53
Natal Placstone,Genderqueer,Mexico,47912,75.41,40.3
Coletta Traylen,Agender,Russia,28825,73.82,66.96
Trumann Stear,Bigender,China,55056,57.73,44.45
Diann Dibnah,Polygender,China,58344,79.2,67.29
Rustin Goghin,Genderqueer,Sweden,51574,84.64,68.2
Decca Renac,Polygender,Philippines,63761,78.58,57.4
Hanni Yann,Genderqueer,Poland,40411,66.62,86.82
Lesley Matthewes,Polygender,Portugal,60720,84.7,99.86
Stephine Macbeth,Male,China,29860,59.73,105.39
Brnaby Corbett,Genderqueer,Peru,31784,56.55,53.04
Gusella Fullerton,Bigender,Ukraine,46295,83.9,63.67
Shannon Chadwin,Genderfluid,Malaysia,35804,85.65,72.28
Ajay MacLucais,Genderfluid,Albania,52528,81.08,92.75
Maryjo Winnister,Genderqueer,Montenegro,56057,80.69,44.32
Eolande Brookwood,Bigender,Russia,49685,84.8,50.88
Buffy Camacke,Male,Sweden,36433,57.88,96.14
Darrell Jupe,Non-binary,Germany,34583,67.67,103.95
Darci Latan,Male,China,31405,66.67,95.93
Saunders Edmead,Genderqueer,Sweden,35230,52.07,84.93
Calypso Loweth,Genderfluid,China,28490,87.52,64.62
Dane Colliber,Genderqueer,China,35013,56.82,100.67
Reagen Fery,Genderfluid,Mauritius,29647,52.79,52.0
Curry Ormond,Male,Hungary,50154,83.06,63.04
Frederich Shevlan,Non-binary,Indonesia,49671,88.11,85.79
Izabel Smithen,Polygender,China,46666,66.72,93.2
Beauregard Cohrs,Female,Philippines,27348,64.69,61.2
Lexine Pett,Female,Indonesia,60016,53.99,45.63
Ingaborg Harroll,Male,Sweden,32906,85.2,84.17
Lisha Perrone,Genderfluid,China,59563,59.08,48.39
Serena Olyunin,Non-binary,Greece,53301,72.41,99.11
Josy Colby,Polygender,Kenya,26893,51.53,65.22
Ellyn Felix,Non-binary,Kazakhstan,45169,71.85,76.34
Angela Ilchuk,Bigender,Czech Republic,33126,58.68,65.38
Joachim Daltrey,Genderqueer,Syria,63600,50.5,99.99
Codee Lambdin,Polygender,Indonesia,42278,81.47,48.02
Kristina Raccio,Polygender,Portugal,31700,82.76,46.9
Neddie Tidbury,Female,Kenya,35745,65.89,41.63
Tomas Meegin,Polygender,France,56383,87.55,108.81
Torry Kirrens,Polygender,Bosnia and Herzegovina,27092,61.63,82.76
Adam De Francesco,Female,Indonesia,58205,75.96,73.97
Wilmar Hawket,Female,Philippines,62955,87.2,40.41
Yehudit McCrohon,Bigender,China,30132,57.56,102.36
Annetta Adey,Male,Yemen,45693,60.62,97.2
Mic Cardow,Bigender,China,48316,84.38,66.0
Tabbie Gethouse,Male,Argentina,46723,84.45,60.45
Hillel Shakesbye,Genderfluid,China,63897,62.11,92.04
Sheri Buzza,Non-binary,Senegal,54407,85.14,65.68
Tiphani Bulfoot,Female,Russia,48101,77.39,92.91
Travis Rathborne,Genderqueer,Ecuador,25413,57.42,103.91
Seward Maith,Polygender,Venezuela,50879,59.33,85.74
Ricki Peyro,Female,Chile,50721,62.41,64.24
Veronike Keavy,Polygender,Swaziland,29859,76.11,73.52
Rollin Ech,Genderfluid,Colombia,38492,65.73,79.94
Billy Bloore,Genderqueer,United States,26583,65.71,54.66
Alwin Ledur,Male,Russia,44426,53.24,81.72
Marlyn Stannard,Agender,Malaysia,40330,53.21,111.51
Andrei Smeaton,Polygender,China,53586,62.19,75.06
Heindrick Arstingall,Agender,Russia,63428,58.19,79.24
Darrell Klimkovich,Male,China,44112,83.43,57.82
Christos Keiley,Polygender,Morocco,30038,87.43,76.53
Delila Risbridger,Bigender,Poland,41405,87.33,61.5
Nissie Cullagh,Bigender,Indonesia,28462,76.59,61.04
Donielle Widdows,Agender,Albania,32237,85.22,59.9
Freddy Atmore,Genderfluid,Guatemala,42431,67.79,106.05
Mechelle Seely,Polygender,Philippines,46693,54.02,68.24
Laverne Tottle,Non-binary,Palestinian Territory,31473,76.15,102.23
Collin Harlick,Agender,Ukraine,54136,86.95,77.14
Ingra Safont,Bigender,Belarus,47635,80.04,84.79
Sergent Kraut,Male,Russia,35550,68.71,74.12
Pancho Charsley,Male,Brazil,39360,59.52,43.97
Nissy Pendergast,Male,Philippines,61471,80.48,78.96
Niall Brandreth,Bigender,Indonesia,35684,72.55,111.72
Shayne Tuckerman,Male,Norway,61017,62.21,82.39
Harmony Inchley,Male,North Korea,48596,63.84,53.55
Laverne Peiro,Agender,Indonesia,26693,87.8,52.43
Warner Parriss,Non-binary,Indonesia,55564,65.33,59.73
Tabatha Cadwallader,Bigender,Portugal,40024,81.46,53.04
Christophe Wainer,Male,France,28068,87.11,52.93
Michel Clitherow,Genderqueer,Belarus,47001,70.47,44.55
Marci Cretney,Female,Philippines,46451,84.55,60.78
Gus Truder,Bigender,Russia,53539,85.06,56.63
Forrest Sansam,Genderqueer,North Korea,46931,80.65,57.31
Reider Screach,Non-binary,China,35999,69.92,60.82
Alberik Sendall,Polygender,Greece,35526,80.13,63.88
Bree Bowcock,Genderqueer,Greece,25339,71.7,111.55
Honor Navan,Male,China,53574,73.91,92.73
Heather Preshaw,Agender,Indonesia,44106,89.92,87.77
Martie Sainsbury,Bigender,Moldova,41298,53.57,107.57
Athene Wickersley,Genderqueer,Afghanistan,40771,78.4,86.24
Brande Marfell,Non-binary,Jordan,28834,54.18,87.51
Aaron Kinnen,Genderfluid,Afghanistan,37303,78.58,61.25
Kevan Edgett,Genderqueer,China,40042,84.48,62.62
Olivero Blackaby,Genderqueer,Serbia,60046,63.96,44.03
Erina Ferrieroi,Male,Thailand,33527,82.35,88.81
Tami Vasilchikov,Bigender,Venezuela,43764,86.59,61.13
Andrey Helix,Bigender,France,61458,57.23,98.3
Barn Purveys,Non-binary,China,41513,71.25,111.1
Rickert Shitliff,Polygender,Indonesia,55659,80.12,89.68
Cathy Cutridge,Genderqueer,Nigeria,60963,86.62,86.13
Fifine Vibert,Female,Greece,47222,80.23,52.0
Marta Lawler,Non-binary,China,61391,86.71,71.93
Ab de Amaya,Bigender,Poland,42995,59.47,93.79
Albie Cuming,Polygender,China,26197,86.68,44.19
Ezequiel Nutbean,Female,Czech Republic,33062,60.61,92.97
Christal Carver,Non-binary,Sweden,42379,57.01,75.52
Myrilla Veneur,Genderfluid,China,53438,62.46,47.66
Arabele Ellacombe,Bigender,China,40693,62.91,56.1
Gavrielle Hogbourne,Genderqueer,Argentina,37911,81.28,90.99
Free Danko,Non-binary,Indonesia,42037,65.95,43.86
Willey Endean,Agender,Israel,52776,58.03,100.02
Der Noweak,Agender,France,30518,72.59,81.14
Dorris Queste,Genderfluid,Zambia,31448,80.43,40.1
Lindsay Bracey,Female,China,25123,51.85,104.65
Rebeka Slowley,Genderfluid,Cuba,55473,54.16,90.18
Boyce Milne,Male,Ireland,33983,82.94,43.06
Editha Commuzzo,Genderfluid,China,38521,54.55,50.55
Jerald Orpen,Genderqueer,Malaysia,27369,54.9,49.02
Philippe Tomsu,Bigender,Argentina,49025,69.15,75.71
Mariellen Hanstock,Bigender,Poland,59539,73.77,103.48
Ninetta Merryweather,Genderfluid,Syria,25331,67.82,98.21
Arvin Pretsel,Bigender,Indonesia,38016,66.09,103.33
Muhammad Richards,Genderqueer,Philippines,28633,57.15,45.76
Elnore Cranny,Genderqueer,Costa Rica,42765,75.85,84.57
Grant Fogden,Non-binary,Nigeria,33091,73.67,70.03
Nessy Salman,Genderqueer,Indonesia,58922,70.03,97.06
Marnie Dowthwaite,Male,Mexico,50623,79.82,59.49
Graeme Curdell,Polygender,China,63852,66.37,82.35
Allissa Trustey,Male,Malaysia,59808,51.26,68.05
Brnaby Beesley,Non-binary,Brazil,32623,58.97,69.72
Lilas Itzakson,Non-binary,Indonesia,57358,56.8,45.75
Nickolaus Marielle,Male,Indonesia,38635,70.96,74.12
Robby Deex,Genderfluid,Cuba,32763,61.22,90.76
Shea Knutsen,Polygender,Russia,29516,71.12,95.19
Ignatius Westoff,Genderfluid,Venezuela,61371,60.82,78.34
Nedi Trump,Bigender,Nigeria,26312,84.52,91.93
Olympe Langsbury,Non-binary,Philippines,38890,52.19,76.98
Johnna Hampson,Genderfluid,Poland,32263,83.43,77.08
Lindie Tindall,Male,China,40095,87.67,51.68
Gage Clutram,Male,Colombia,28283,81.02,73.2
Hedwig Lubeck,Bigender,Canada,57899,71.26,90.88
Marion Woollcott,Bigender,China,48839,85.07,92.73
Bren Kauffman,Female,Poland,50305,52.32,82.47
Konstance Huzzay,Genderfluid,Indonesia,44312,66.91,95.82
Risa Djokic,Non-binary,Ukraine,49633,52.67,76.11
Eddie Willford,Agender,Brazil,47247,74.63,100.45
Tobe Pinner,Genderqueer,Indonesia,38873,72.76,94.95
Elana Chatin,Female,Peru,62579,76.96,100.39
Quinta Balmann,Male,Panama,49858,70.98,92.57
Ken Dampney,Agender,Madagascar,25256,85.65,69.81
Ursuline Lovel,Genderfluid,Peru,27793,86.09,111.54
Chad Machin,Genderqueer,Bosnia and Herzegovina,32195,63.56,92.12
Tabitha Dyneley,Non-binary,China,61721,52.28,104.77
Wilhelm Ravilus,Genderqueer,Philippines,32531,54.54,40.28
Linette Swalteridge,Genderfluid,Lithuania,56755,74.79,54.66
Lila Wallworth,Polygender,Poland,38793,60.07,77.15
Alon ffrench Beytagh,Non-binary,Indonesia,35138,88.27,108.7
Paulita Olney,Polygender,Portugal,29383,84.74,89.4
Berty Puttergill,Agender,Nicaragua,40735,53.7,67.67
Dorette Hemstead,Genderfluid,Ukraine,60240,77.27,89.18
Augy Birkett,Non-binary,United States,35713,57.14,97.3
Christel Galier,Female,Indonesia,52092,82.31,70.09
Devondra Felten,Bigender,Czech Republic,61330,54.31,81.0
Therine Guppy,Agender,China,59276,54.61,68.71
Cornelle Klosa,Genderfluid,Sri Lanka,62696,68.77,99.62
Linn Treffry,Bigender,France,61445,85.49,64.96
Thurston Lofting,Female,Morocco,58578,65.87,89.64
Emmey Lampe,Female,South Africa,27742,72.38,82.26
Henryetta Mallion,Female,United States,58914,75.24,50.7
Timi McIlwain,Female,New Zealand,49654,74.53,57.0
Robb Nursey,Bigender,Philippines,45099,59.45,84.04
Paton Dows,Female,Indonesia,31750,71.8,46.37
Kerwinn Charpin,Agender,China,50833,71.92,105.59
Rica Durham,Genderfluid,Indonesia,55791,76.82,109.78
Rosanna Devlin,Male,Russia,56396,56.84,68.73
Karyl Turgoose,Genderfluid,Indonesia,56395,54.33,108.85
Yorker Williamson,Female,East Timor,44714,87.88,53.48
Trudi Fenne,Bigender,Ukraine,44570,50.0,87.86
Zondra Scandred,Non-binary,Poland,30804,85.72,56.69
Alvinia Barnett,Agender,China,61449,89.17,92.32
Lavinie Danilin,Genderqueer,China,29715,68.73,53.48
Augy Burt,Bigender,China,28002,58.16,109.04
Almeria Quarmby,Polygender,Luxembourg,57985,70.29,64.12
Justis Whittles,Male,Libya,52635,72.76,51.82
Vina Jordi,Female,Poland,30718,81.16,81.55
Vasili Ropcke,Non-binary,Philippines,59989,54.6,45.63
Holli Dimitrescu,Polygender,Indonesia,57441,73.76,101.43
Celka Rose,Genderfluid,Canada,64112,53.86,51.63
Sam Britney,Female,Indonesia,53704,66.89,51.35
Cora Ferrar,Agender,Brazil,47194,70.0,50.96
Quentin Moorhead,Agender,Poland,37146,72.19,63.15
Jarrett Christophle,Male,Czech Republic,47863,85.53,58.97
Allissa Purdy,Non-binary,Brazil,51439,56.24,76.09
Juan Moiser,Non-binary,Indonesia,59393,55.98,107.8
Nicole Pierrepoint,Genderqueer,Croatia,37297,69.76,108.76
Emmy Andreucci,Non-binary,Indonesia,53082,60.58,41.4
Selia Pagett,Agender,Brazil,62821,54.46,99.22
Betsy Iglesia,Bigender,Colombia,44425,87.76,65.84
Lesli Gorton,Polygender,Poland,44495,76.1,81.75
Jocelyne Plumridge,Genderfluid,Czech Republic,37249,52.47,103.23
Julian Timmermann,Genderqueer,Malaysia,30805,63.45,56.06
Roslyn Wimms,Male,Brazil,47809,60.68,85.81
Mohandas Peegrem,Genderqueer,China,31939,60.83,45.36
Quinlan Gramer,Genderfluid,Greece,47912,86.96,82.24
Rockwell Tatton,Non-binary,China,64416,64.39,61.88
Loreen Milbourne,Polygender,Nicaragua,28224,75.11,81.87
Mickie Emmett,Bigender,China,44630,63.67,63.26
Lionel Tessier,Bigender,China,45083,74.41,53.19
Pauly Brammall,Non-binary,Indonesia,26615,60.03,81.26
Ardath Domenc,Genderfluid,Iran,59104,59.13,105.21
Naoma Roskams,Polygender,Philippines,61656,58.88,64.91
Eudora Birdfield,Non-binary,Russia,46030,73.08,62.08
Wanids Gerhold,Female,Portugal,27620,73.31,78.53
Sandy Hillock,Genderqueer,Spain,49550,88.96,44.71
Michale Burnhams,Bigender,Thailand,49549,67.33,43.17
Desiree Vidloc,Agender,Czech Republic,49271,71.54,87.16
Giulio Burnage,Agender,China,41873,82.49,42.36
Gareth Riggert,Female,Montenegro,49696,56.29,70.41
Morgan Damarell,Bigender,Nigeria,49741,73.96,73.14
Blinnie O'Carran,Female,Ukraine,48176,74.38,99.07
Rosalynd Fouldes,Bigender,Malaysia,60656,55.87,97.89
Marni Bims,Male,Indonesia,28323,63.95,108.48
Claude Ainge,Genderfluid,Argentina,30087,81.05,82.12
Land Marians,Female,Venezuela,46782,52.94,57.85
Rudd Voas,Bigender,Portugal,59087,73.45,106.69
Brnaba Diviny,Bigender,Serbia,51227,88.41,62.55
Trude Tatteshall,Non-binary,China,42961,89.49,77.74
Urbanus Pococke,Bigender,China,62783,54.72,52.21
Baron Vockings,Bigender,Indonesia,56662,89.18,103.38
Nicky Bonafacino,Polygender,Malaysia,42598,78.79,74.84
Hedi Tesche,Genderfluid,Greece,54478,77.74,85.57
Padgett Normanville,Agender,Indonesia,29610,84.78,66.93
Stesha McCourtie,Agender,China,39503,56.07,51.34
Josie Powley,Genderqueer,Germany,39698,77.71,55.58
Bevvy Speariett,Agender,Honduras,49569,85.93,67.25
Pepita McIlmorie,Genderqueer,Venezuela,27747,59.06,87.74
Bettine Jiricka,Polygender,Indonesia,64108,87.79,74.72
Zach Crutch,Agender,Indonesia,37119,51.54,55.34
Alicia Kuna,Female,China,28485,55.1,100.62
Vivianne McSweeney,Non-binary,Philippines,46932,80.2,96.88
Birgitta Keyme,Agender,Iran,35078,73.63,51.24
Bonnibelle Conrart,Female,China,47742,53.58,73.35
Ole Hischke,Female,Norway,51336,66.74,57.48
Mercy Vedeneev,Agender,China,43025,50.76,105.49
Benedetto Crim,Genderqueer,Australia,42044,60.94,54.13
Kacy Ballin,Genderfluid,China,33940,77.72,67.57
Jacquenette Kuhnel,Polygender,Czech Republic,41928,56.76,58.26
Evan Haydney,Male,Albania,41470,63.27,41.97
Vaughn Ralphs,Female,China,31509,87.21,42.73
Sophie Agglio,Agender,Vietnam,29220,73.71,109.25
Isaak Roggeman,Genderqueer,Poland,64434,67.07,55.99
Evie Shawl,Bigender,Sierra Leone,61351,88.24,43.81
Kippie Sellner,Bigender,Vietnam,54742,68.44,97.1
North McGavigan,Agender,United States,39869,57.83,101.81
Loraine Halfpenny,Genderqueer,Vietnam,63703,58.84,85.11
Mirna Boycott,Agender,Costa Rica,36537,60.34,67.47
Daisy Cavill,Non-binary,China,37644,83.45,98.89
Arlyn Hatter,Male,Portugal,58434,75.68,40.49
Debi Domange,Agender,China,50858,73.91,100.24
Nollie Garci,Agender,Russia,51845,70.29,65.04
Free Goodfellow,Bigender,China,59048,80.24,106.55
Ive Sofe,Male,Egypt,44994,81.16,55.26
Elie Faulks,Genderqueer,Iran,47405,51.28,75.46
Gilberte Oakeby,Female,Zimbabwe,51856,64.74,104.73
Cleopatra Hastilow,Genderqueer,Argentina,60590,82.76,101.91
Raeann Dyerson,Bigender,United States,46606,83.14,62.61
Almire Hammand,Non-binary,Poland,47465,73.41,106.56
Ambrosio Vasechkin,Genderfluid,Brazil,41538,69.93,100.21
Aurelie Steers,Non-binary,Brazil,35436,72.59,46.01
Olympie MacCafferty,Bigender,China,46281,58.67,97.68
Keelia Twentyman,Genderqueer,China,38744,65.76,53.13
Pete Olech,Male,Philippines,46644,72.4,88.71
Josey Enser,Bigender,Philippines,50105,59.68,69.16
Milt Bland,Polygender,China,54086,88.98,93.04
Oralle Shord,Bigender,Peru,34545,68.19,44.36
Brewer Vigars,Polygender,Egypt,33697,89.48,42.08
Ilaire Dericot,Genderfluid,China,32476,56.42,86.2
Charlene Daveren,Female,China,41845,60.08,88.75
Dixie Kyme,Male,Portugal,61688,77.34,77.39
Tobe Mathiasen,Bigender,Slovenia,32905,77.15,101.64
Stephanus Pepineaux,Polygender,Belarus,51819,53.53,105.67
Guido Riddell,Bigender,Venezuela,41830,86.42,103.43
Jasen Ghidini,Bigender,China,33464,86.9,57.18
Jude Neate,Non-binary,Indonesia,41652,61.11,70.33
Ugo Shrimpling,Bigender,Philippines,41931,79.72,84.83
Waylin Gooley,Bigender,Poland,63487,57.3,99.98
Klarika Mapples,Polygender,Belgium,59607,60.16,62.21
Gwendolin Bushell,Non-binary,Sweden,32793,80.53,68.55
Fay Pfertner,Agender,Costa Rica,30972,56.85,60.15
Lusa Brangan,Genderqueer,China,41912,54.75,66.32
Karlis Gimblet,Male,Ukraine,55924,81.64,105.85
Sonni Carrel,Female,Pakistan,34277,63.76,70.4
Peri Portsmouth,Agender,Ukraine,33034,84.26,104.84
Fanchon Le Provost,Female,Indonesia,57443,83.9,100.98
Levey Maidens,Polygender,China,29774,62.47,88.19
Clayton Vize,Genderfluid,Indonesia,31591,66.98,42.54
Teddi Joron,Non-binary,Cambodia,33517,71.77,100.09
Milli Addenbrooke,Genderqueer,Peru,25644,86.06,108.17
Ashli Skerme,Non-binary,Brazil,31055,51.35,109.93
Byrom Wenman,Agender,Benin,64777,56.72,75.01
Georgetta Connar,Bigender,Poland,45053,73.29,105.28
Matty Bill,Non-binary,France,63423,68.53,81.13
Moore Brewett,Bigender,Italy,62131,81.9,42.21
Bryn Cacacie,Genderqueer,Armenia,33685,60.28,55.73
Fleur Hadlow,Non-binary,United States,64873,68.82,74.98
Martie Yewen,Genderqueer,Ecuador,30972,54.94,67.8
Philis Aronson,Female,Indonesia,36451,74.41,110.33
Lindsey Sexti,Non-binary,China,62335,57.72,55.4
Thaddeus Matresse,Bigender,Indonesia,54111,79.18,111.11
Arlyne Batrim,Agender,China,26197,87.26,82.08
Dillie O' Driscoll,Bigender,Bhutan,51093,62.18,46.5
Concettina felip,Male,Peru,53422,77.6,102.62
Malory Castiello,Agender,China,48575,77.87,63.36
Rodolph Arrundale,Genderqueer,Mauritania,45307,68.56,55.84
Ashely Boulde,Genderfluid,Philippines,60448,79.1,60.86
Mattheus Grzesiak,Bigender,Indonesia,63038,68.74,96.77
Cassandra Philipart,Genderfluid,Afghanistan,63507,80.61,57.51
Flin Waugh,Genderqueer,Sweden,58668,77.71,49.88
Chickie Tortice,Genderfluid,Indonesia,44019,73.28,48.68
Angelita McPherson,Female,Gambia,30327,57.1,86.41
Lucho Donaher,Genderfluid,Tunisia,38952,57.27,57.72
Vincents Iacopini,Non-binary,Peru,35003,50.23,64.11
Annetta Snowling,Polygender,France,25782,82.72,84.51
Marlyn Maffezzoli,Bigender,Czech Republic,49259,74.6,79.53
Merola Simunek,Agender,Portugal,50150,66.46,94.14
Janeen Keeltagh,Male,Indonesia,33627,65.03,69.16
Davon Oventon,Genderfluid,China,32715,87.75,56.23
Ike Hakking,Bigender,Greece,55880,64.67,47.67
Norrie Engelmann,Non-binary,Japan,60584,56.54,108.26
Mickey Colebeck,Genderqueer,Indonesia,28945,86.19,79.81
Meir Brackstone,Male,Belarus,53005,74.39,84.18
Efren Abrashkin,Male,China,49795,87.06,75.72
Jarret FitzGeorge,Agender,Russia,36990,55.76,67.28
Malena Da Costa,Genderfluid,China,27796,64.51,41.76
Joy Beaushaw,Bigender,Chile,58815,78.98,92.76
Sterling Whorf,Genderqueer,China,25951,57.38,70.12
Ingamar Braikenridge,Bigender,Bosnia and Herzegovina,38444,50.26,78.64
Jude La Vigne,Non-binary,Peru,33699,57.29,57.88
Rolph Hamil,Genderqueer,Indonesia,40195,75.01,99.82
Elvera Perrie,Agender,China,42643,89.47,47.49
Jillana Ruckledge,Polygender,China,59654,56.51,48.61
Erie Alphonso,Bigender,Albania,27021,80.63,65.59
Sharron Berthe,Genderfluid,Indonesia,62438,84.75,66.4
Cody Jellybrand,Agender,Kenya,43816,88.11,68.9
Windy Davenhall,Non-binary,Portugal,59038,87.48,72.32
Jacquelin Pohls,Genderqueer,Thailand,45904,74.17,67.29
Gaelan Antoons,Non-binary,Indonesia,26589,69.22,62.7
Fernande Pyper,Female,China,38103,85.75,91.97
Marge Sherlaw,Genderfluid,Indonesia,62875,51.44,60.44
Asher Sobieski,Male,Colombia,34770,60.17,102.5
Maurine Hannaford,Genderqueer,Poland,63508,64.43,64.2
Lenora Jardein,Polygender,Russia,34535,82.53,61.24
Susi Winpenny,Genderfluid,Portugal,43884,50.52,100.73
Wernher Hanning,Genderfluid,Ukraine,26997,66.03,87.79
Rudolfo Howel,Polygender,Sweden,49299,78.95,89.23
Alex Craigmyle,Female,Argentina,35068,74.69,82.67
Hill Sewart,Bigender,Indonesia,47006,58.81,99.5
Dolli Scatchar,Polygender,Russia,44196,71.51,73.85
Lorant Leabeater,Polygender,China,62928,84.25,102.54
Felipe Shearme,Genderqueer,Colombia,42602,71.76,87.52
Rory Lenard,Non-binary,Honduras,50460,88.25,46.85
Lyssa Springall,Polygender,China,56658,86.58,86.28
Sven Giannazzi,Agender,Greece,62839,78.04,86.0
Dayna Varran,Non-binary,Indonesia,64164,77.25,81.46
Teressa Rennison,Female,Swaziland,28437,57.65,73.35
Delila Lindenstrauss,Female,Armenia,51596,65.05,56.83
Melvyn Wiszniewski,Female,Greece,55255,77.26,77.04
Karly Egre,Agender,Democratic Republic of the Congo,50563,83.56,91.9
Shae Harrap,Genderqueer,China,39478,59.67,42.73
Christalle Loan,Polygender,Honduras,53994,76.42,106.82
Roda Hazelgrove,Agender,Sint Maarten,58886,77.08,46.67
Garret McKechnie,Agender,Jamaica,43132,82.39,87.45
Ferdinande Singyard,Genderqueer,France,52199,81.92,48.77
Abbott Mattys,Genderqueer,China,45502,89.17,91.21
Rebecka Brokenbrow,Genderfluid,Portugal,61836,69.9,106.03
Mavra Kubat,Agender,Portugal,38454,78.55,94.71
Carmelle Chetwynd,Genderfluid,Tanzania,38111,75.14,65.92
Bennie McLagain,Agender,Bolivia,26017,87.21,106.94
Kent Hof,Bigender,Sweden,31789,55.14,42.26
Carlye MacDearmaid,Male,Macedonia,51846,83.23,69.13
Tessi Pawellek,Female,Afghanistan,29333,62.99,78.25
De witt Fomichkin,Genderqueer,Indonesia,46222,54.73,50.09
Darill Hurdedge,Polygender,Indonesia,59224,83.31,44.72
Quinlan Matley,Male,Indonesia,28087,66.13,59.86
Clarke Fullun,Polygender,China,57742,78.9,75.63
Yelena Dearl,Male,Albania,30317,89.07,73.54
Sigismund Cortes,Agender,Bolivia,41018,72.76,55.65
Maurizio Utley,Bigender,Indonesia,29347,86.45,74.38
Bee Saffen,Bigender,Kosovo,30950,75.78,85.5
Leanor Steen,Female,Brazil,44161,54.98,88.66
Everard Canas,Genderfluid,Portugal,32022,78.16,48.57
Peterus Throughton,Female,Russia,37871,69.21,40.33
Royal Lefwich,Non-binary,Brazil,30868,72.78,89.09
Kris Balden,Non-binary,China,50825,53.93,102.24
Westbrooke Wyldbore,Male,Mali,59759,70.79,102.75
Cello Mansford,Agender,China,60295,71.02,91.02
Manon Mellish,Female,Iran,61508,84.98,64.53
Crysta O'Loughane,Genderqueer,Russia,38623,86.3,62.41
Mychal Mallabone,Agender,China,37461,81.16,43.03
Bessy Gabbetis,Bigender,Comoros,38168,82.9,45.1
Eugenia Anstiss,Agender,Ukraine,26818,55.34,100.3
Bobbye Steels,Genderfluid,Cameroon,61036,56.96,105.64
Kilian Petrussi,Agender,Indonesia,56442,89.74,72.99
Annabela Bunten,Agender,Russia,32014,88.43,95.79
Claiborn Dyneley,Polygender,Macedonia,32821,56.82,44.15
Leelah Angeau,Bigender,Philippines,49989,75.1,54.16
Heath McCloughlin,Agender,China,38770,64.5,92.24
Dyane Lugton,Bigender,Japan,29219,66.88,65.68
Branden Krebs,Genderfluid,Bolivia,60861,89.31,93.37
Genvieve Falla,Agender,Brazil,37792,81.76,77.36
Karena Gwyn,Male,China,41001,88.77,101.75
Sara Sargent,Genderfluid,Indonesia,49821,60.47,55.67
Dorena Luney,Bigender,Philippines,32817,50.8,92.69
Jean Bushnell,Female,Dominican Republic,30310,58.58,45.57
Sascha Dunrige,Genderfluid,Mexico,51440,83.66,62.97
Arlana Okeshott,Female,Benin,48620,71.47,40.56
Clay Titterton,Genderqueer,Nigeria,39676,75.25,96.66
Ahmad Titcombe,Bigender,New Zealand,45357,54.58,45.45
Felicia Gussie,Bigender,Finland,52875,83.44,85.72
Corey Daines,Male,Netherlands,51609,84.49,89.67
Bruis Pasque,Bigender,Indonesia,26464,56.45,53.63
Urson Reidie,Genderfluid,Sweden,32950,82.98,67.3
Ashlen Brent,Genderqueer,Indonesia,56130,54.11,77.9
Sharyl Derkes,Agender,Burkina Faso,59579,70.63,102.59
Zack Kiley,Male,Brazil,46365,73.32,108.32
Bradney Rieger,Non-binary,Guatemala,30558,74.61,89.57
Keriann Sprionghall,Agender,Vietnam,60966,58.87,89.52
Estell Dumingo,Non-binary,Nepal,57802,59.52,65.19
Mildred Vasilic,Male,Brazil,47169,57.06,48.52
Belia Cheyenne,Non-binary,Czech Republic,34568,66.16,70.33
Raddy Childrens,Agender,Latvia,60539,64.01,95.57
Ileane Petrazzi,Genderqueer,Panama,44664,57.74,92.42
Radcliffe Kelling,Female,China,28222,81.69,70.61
Padraig Waltering,Non-binary,Indonesia,63291,52.46,89.08
Vanni Birchall,Genderqueer,Guatemala,33938,71.18,73.19
Lazaro Benian,Non-binary,Venezuela,38722,76.02,60.8
Diarmid Twoohy,Non-binary,Indonesia,33995,76.4,60.21
Maxi Triggle,Genderfluid,Canada,27766,78.24,96.64
Lolly MacCarrick,Bigender,Poland,34622,87.02,45.26
Quint Treker,Agender,China,52250,55.84,99.31
Cathy Peile,Male,Myanmar,39670,60.07,41.25
Ax Theobalds,Bigender,Brazil,34027,78.07,95.06
Obediah Huccaby,Agender,Japan,37536,58.51,110.19
Tierney Racher,Polygender,China,40251,88.42,85.62
Florance Proctor,Genderfluid,Russia,45274,62.58,108.78
Colver Downs,Female,Belize,44343,54.02,91.73
Paula Tuftin,Bigender,Indonesia,47052,84.53,56.94
Nertie Killgus,Genderfluid,Slovenia,26687,67.2,71.17
Chrissy Annable,Non-binary,Colombia,59866,61.49,80.98
Stirling Hasslocher,Genderfluid,Indonesia,48901,88.82,40.86
Tye Machans,Genderqueer,Armenia,47203,50.71,83.1
D'arcy Ghidini,Agender,Brazil,29908,68.09,97.7
Pablo Buddington,Genderfluid,Moldova,47230,85.34,85.56
Ericka Teare,Male,Russia,56915,83.81,66.09
Herby Clilverd,Non-binary,Portugal,62350,89.55,64.34
Sayres Gally,Male,Russia,58353,84.98,88.51
Horatia Crass,Genderfluid,China,46581,83.29,111.39
Aurthur Treffrey,Genderqueer,Iran,41180,81.21,42.34
Charleen Castelin,Genderqueer,Indonesia,53117,65.67,109.03
Corbett Gresly,Genderfluid,Poland,38608,80.61,73.58
Aile Edelheid,Polygender,China,42773,86.48,70.79
Laure Westberg,Polygender,Russia,56885,73.22,110.68
Maegan Astles,Polygender,Bulgaria,34148,58.54,55.6
Claudio Whitear,Genderqueer,Sweden,53938,83.67,71.34
Rhys Fendley,Agender,Uzbekistan,59754,78.83,59.66
Thom Sentinella,Non-binary,United Kingdom,62349,51.66,60.36
Marcile Bonfield,Male,Japan,42537,76.81,99.39
Freddie Letten,Female,Ukraine,30584,79.67,77.55
Madeline Crielly,Agender,Poland,34968,72.55,44.85
Olimpia Van der Brugge,Male,China,52766,61.12,66.13
Micheil Hacquard,Non-binary,Russia,33080,58.5,82.88
Brandea Brazelton,Agender,Indonesia,45846,53.53,51.65
Yoshiko Balducci,Polygender,Portugal,60630,59.91,87.31
Emelda Searle,Agender,Japan,50439,63.49,75.39
Vaclav Goldring,Agender,Indonesia,46329,74.48,58.69
Chic Rapaport,Agender,Sweden,38226,65.33,66.35
Ealasaid Reiling,Genderfluid,Poland,55531,64.83,83.75
Almeta Pietri,Genderqueer,Russia,55199,79.63,89.17
Kristina Wanjek,Bigender,Russia,49629,60.48,48.06
Nadya Pitkeathley,Female,Brazil,44919,84.61,79.08
Bessy Hopfer,Male,France,36171,64.2,111.48
Ezmeralda Kidstone,Bigender,Albania,27562,50.48,106.69
Andree Carnelley,Non-binary,Peru,41037,67.1,45.89
Redford Grzeskowski,Female,South Africa,38112,65.22,64.72
Inglis Kolodziej,Agender,Iraq,40249,63.38,45.72
Babb Fairpool,Agender,Russia,26826,61.83,89.75
Ellwood Blemen,Bigender,Poland,53405,50.76,42.35
Camellia Roscamps,Agender,Colombia,33981,61.18,105.58
Sheffie Rubinsky,Non-binary,Russia,48713,61.53,46.27
Storm Hallows,Female,Mexico,64817,67.93,91.47
Hannie Diglin,Female,Czech Republic,40231,60.79,49.38
Candie Hallen,Bigender,Colombia,26926,82.51,78.67
Durward Burgan,Genderfluid,Portugal,32530,80.53,47.69
Erick Somerscales,Polygender,Vietnam,31979,50.81,68.46
Sharlene Bever,Male,Russia,56011,81.27,56.48
Vivyan Robak,Male,Philippines,29086,81.77,77.53
Rosaleen Terzi,Agender,China,28529,73.06,110.75
Annis de Almeida,Polygender,Argentina,52444,87.05,83.5
Domingo Darracott,Non-binary,Mexico,51547,75.56,76.59
Veronika Stockport,Male,Czech Republic,28208,82.85,65.14
Arvie Giff,Agender,Peru,61015,78.98,49.71
Lazarus Breagan,Genderfluid,Philippines,52947,80.3,93.36
Constantine Forrest,Agender,Russia,33348,68.81,68.31
Mellicent Pinnocke,Agender,Pakistan,38883,80.04,47.22
Goldia Smalls,Genderfluid,United States,28425,62.94,84.07
Ruthi Stirley,Agender,China,30580,59.4,104.57
Jean Berrecloth,Male,Brazil,32223,78.08,67.36
Emmalyn Upham,Male,Thailand,40784,80.96,56.17
Horten Cansdale,Female,China,58747,76.79,86.47
Rahal McClune,Bigender,Myanmar,26519,64.38,46.85
Desmond Lauchlan,Bigender,Sweden,63893,58.14,53.99
Vally Vallentin,Agender,Brazil,63695,74.86,101.07
Benedetta Dincke,Genderfluid,Indonesia,46146,56.33,75.41
Kanya Dumbelton,Non-binary,Syria,38246,52.15,98.6
Kynthia Testro,Female,China,27317,68.83,85.17
Kiley Heinsius,Agender,Russia,63156,54.74,100.67
Vaclav Seifert,Non-binary,China,37294,66.35,71.32
Jess Ebi,Male,France,56345,68.72,48.46
Louella Rudinger,Genderfluid,Ukraine,58043,64.96,98.11
Elwood Gregr,Non-binary,Russia,41520,87.76,47.2
Kettie Steddall,Genderfluid,Philippines,27410,62.15,50.5
Ludvig Belli,Genderqueer,Russia,44304,65.85,52.13
Gray Mosen,Male,Brazil,41849,58.88,79.95
Lucky Messiter,Polygender,Mexico,63433,86.42,55.81
Jehanna O'Caherny,Genderqueer,Anguilla,26915,70.32,98.32
Robbi Jeanequin,Bigender,Canada,52020,59.36,53.84
Norby Dudgeon,Bigender,China,54185,82.59,93.35
Evelin Olczak,Agender,Portugal,61532,52.04,43.67
Hyacinthe Belfrage,Female,Pakistan,30489,65.44,59.5
Reinhold Malshinger,Male,China,63605,83.28,86.14
Luigi Pride,Bigender,Indonesia,44878,71.35,76.03
Bernardine Shutle,Agender,Haiti,63129,53.39,54.35
Zsa zsa Phidgin,Polygender,Russia,50603,53.03,80.04
Casar Bento,Male,Russia,43780,54.22,78.24
Sella Sutherden,Genderqueer,Cameroon,57869,61.13,104.51
Yoshi Mafham,Genderqueer,Philippines,59974,73.25,97.68
Rikki Mcasparan,Agender,Indonesia,38954,55.36,83.53
Roxane Bogies,Female,China,59293,74.8,72.52
Ginger Eilers,Bigender,Poland,64228,79.28,83.33
Ximenes Bonson,Polygender,China,47499,67.66,74.15
Sharity Atthow,Non-binary,Canada,48391,54.99,111.98
Theodore Whitington,Genderfluid,Argentina,32551,65.19,49.67
Bink Hallgalley,Genderqueer,Mexico,63080,51.64,109.58
Alphard McDuff,Genderqueer,France,25451,81.47,57.89
Pierette Chatt,Genderfluid,France,41773,85.58,81.06
Fanny Gregoli,Non-binary,Serbia,32805,81.16,77.33
Olivero Messenbird,Bigender,China,60262,77.63,56.14
Edwin Breslau,Agender,China,59530,55.41,43.15
Juditha Shave,Bigender,China,44910,52.5,45.55
Onofredo Gumery,Genderfluid,Cuba,42552,76.94,88.03
Joellen Hebbard,Polygender,Vietnam,46826,52.12,99.3
Kaye Prescott,Polygender,China,58478,71.98,106.98
Lacee Chance,Non-binary,Poland,30810,62.43,69.35
Aubine Skentelbury,Genderfluid,Sweden,41942,86.92,71.86
Heidie Albinson,Genderfluid,Czech Republic,49510,87.37,81.72
Scarlet Denisyuk,Female,Jamaica,64501,59.73,65.01
Danie Stuchbury,Genderqueer,Greece,31147,77.12,56.38
Roderic Allmond,Genderfluid,Tunisia,52602,63.64,45.75
Arvie Aymer,Bigender,Russia,43283,78.51,96.6
Prisca Casseldine,Agender,Guatemala,26845,65.65,64.13
Trueman Jimpson,Male,Canada,25196,70.1,48.92
Laure Rosenbush,Female,Greece,57233,55.04,56.55
Stanton Turfitt,Agender,Sweden,44069,56.39,65.31
Wildon Combes,Genderqueer,Albania,54823,85.83,97.18
Sven Eberz,Polygender,Cuba,30490,85.99,72.61
Tisha Whate,Bigender,Czech Republic,61180,59.5,65.67
Aylmer Jenkyn,Polygender,Malaysia,43689,79.07,41.14
Parsifal Daleman,Genderqueer,Yemen,54515,77.32,109.87
Sabina Du Pre,Female,Peru,57159,59.38,68.69
Sophronia Nurny,Genderfluid,Philippines,57195,64.78,64.43
Loralie Bahls,Bigender,China,38820,77.51,108.49
Giselle Bourtoumieux,Male,Indonesia,55888,52.51,103.7
Erek Goodge,Male,Egypt,55709,56.09,82.79
Monika Rummins,Non-binary,China,32394,76.99,67.29
Ilyssa Rouby,Bigender,Peru,38551,53.67,43.38
Carine Engledow,Polygender,Afghanistan,47827,73.78,83.84
Scottie Sibbson,Polygender,Kenya,33839,57.53,94.61
Diego Mozzi,Non-binary,China,37343,56.3,84.66
Tova Triswell,Male,Sweden,33624,89.09,108.62
Gothart Cleminson,Polygender,Thailand,28912,79.71,99.73
Rosalinda Norrie,Polygender,Morocco,62405,76.49,82.1
Lindy McGuirk,Male,Indonesia,54046,64.91,81.38
Esmeralda Lunk,Genderfluid,Russia,46849,51.04,78.49
Dexter Mitskevich,Non-binary,Macedonia,45415,55.56,50.86
Harp Cauley,Genderqueer,Poland,49812,83.32,53.39
Rich Hattersley,Genderfluid,Canada,31981,58.27,61.7
Idell Hebblewaite,Non-binary,Indonesia,43138,59.48,47.48
Seymour McCrillis,Genderqueer,Central African Republic,32495,83.15,75.72
Parke Horsburgh,Genderfluid,China,63775,53.1,47.32
Roman Scutcheon,Polygender,Armenia,43504,64.16,65.74
Ange Bevir,Genderfluid,Croatia,62542,84.33,64.88
Durand Stokell,Bigender,Russia,52208,68.22,58.81
Piper Lates,Male,Colombia,55725,56.29,59.15
Huntlee Troake,Male,Mexico,26135,86.27,70.24
Bartie Hanson,Non-binary,China,54186,78.47,95.16
Leodora Cheyne,Male,Thailand,32229,58.75,104.92
Courtnay Toleman,Polygender,Bulgaria,38956,87.18,49.41
Ilka Pointer,Polygender,Azerbaijan,32360,86.67,61.79
Kittie Duffil,Male,Nigeria,57155,82.92,79.79
Carey MacNeish,Bigender,Philippines,55483,58.71,87.24
Elliott Eckh,Polygender,China,44208,63.14,60.99
Eddi Bril,Non-binary,Philippines,42831,79.94,65.17
Raine Orviss,Bigender,Philippines,45046,81.64,111.56
Kenny Varnam,Polygender,China,26981,61.6,73.22
Manya MacAlees,Genderfluid,Portugal,32495,83.68,67.34
Morly Sorey,Polygender,China,33740,61.73,101.45
Devland Doni,Genderqueer,Azerbaijan,46902,83.37,87.23
Vivianne Lerigo,Bigender,China,39732,61.15,55.44
Giralda Monsey,Non-binary,Portugal,44244,50.37,105.82
Gilburt Rawlinson,Polygender,Czech Republic,59448,74.52,40.65
Terrye Creavin,Genderqueer,Armenia,47029,60.47,107.35
Blinny Bilt,Female,Chile,51418,69.34,80.4
Ulrica Bottby,Bigender,Iran,48540,89.87,77.08
Trixie Kike,Bigender,Japan,25972,83.09,76.58
Adair McDavitt,Genderqueer,France,52884,63.15,60.77
Salvidor De Bell,Polygender,Czech Republic,63081,86.95,93.35
Gerhardt McGarel,Agender,Indonesia,34819,73.68,40.13
Samara Libri,Polygender,Namibia,56226,64.67,65.19
Ernesto Lazonby,Polygender,Vietnam,34794,71.18,91.35
Mellicent Ioan,Non-binary,Philippines,61671,78.37,99.72
Jules Jehu,Male,Brazil,59981,58.4,96.98
Brittni Stores,Bigender,Peru,61144,54.14,41.3
Antoine Heasman,Bigender,China,60440,82.41,102.66
Will Wickwarth,Genderqueer,Serbia,26633,60.83,71.15
Smith Mussared,Non-binary,Indonesia,51240,89.02,55.42
Taite Zannolli,Polygender,China,27414,80.94,105.06
Tybie Philpotts,Non-binary,Russia,64097,80.16,106.47
Karlens Romans,Bigender,Peru,44906,74.84,79.34
Clarabelle Hunting,Agender,Spain,64585,52.53,49.51
Westley Munehay,Genderfluid,Russia,38414,76.78,87.71
Clement Van Haeften,Female,Russia,40718,51.33,54.06
Johanna Sanbrook,Polygender,Bosnia and Herzegovina,38046,84.8,94.27
Kory Fenelow,Male,Palestinian Territory,30949,89.0,93.87
Darla MacLaughlin,Genderfluid,South Korea,40172,67.02,96.49
Shirl Corish,Genderqueer,China,37830,65.39,64.78
Wileen Siddon,Polygender,Madagascar,62350,58.61,109.77
Bonnie Rostron,Bigender,China,52147,88.19,50.4
Jean Rambaut,Genderfluid,Venezuela,50276,86.47,40.63
Teresina Pedlar,Genderfluid,Chile,42547,60.69,96.87
Dalenna Dubbin,Agender,Portugal,33189,88.5,64.44
Adrea Aimer,Non-binary,Czech Republic,57499,71.53,48.55
Lorenza Lefort,Male,France,51752,70.23,105.78
Thibaud Pavy,Bigender,China,33971,75.73,95.77
Fifi Keighley,Genderqueer,Poland,40572,68.39,92.16
Elisha Blackborn,Non-binary,Indonesia,64907,68.86,68.97
Constancy Ockwell,Non-binary,China,40243,86.9,95.78
Ashbey Dameisele,Bigender,Indonesia,63558,86.56,81.23
Cordy Blyth,Agender,Philippines,59401,59.28,64.32
Tod Forward,Polygender,Sweden,45112,65.91,96.34
Halette Coleman,Genderqueer,China,56889,82.39,78.82
Kissie Felten,Agender,Chad,42005,73.15,79.28
Vivienne Escalante,Bigender,Pakistan,60317,65.82,67.11
Angela Ealles,Agender,Brazil,25552,57.19,102.13
Abramo Spini,Female,Brazil,46821,73.86,43.46
Read Haeslier,Male,Indonesia,60672,54.0,86.73
Derek Maplestone,Agender,Sweden,34245,64.82,65.46
Kipp Robatham,Bigender,Ethiopia,55896,65.5,97.66
Lucian Pichmann,Male,China,25729,58.82,78.78
Eldon Davidof,Male,Portugal,30677,70.4,76.07
Putnam Dillistone,Male,Mexico,45339,88.25,86.82
Percy Laherty,Genderqueer,Brazil,41899,64.84,84.38
Cassey Swainston,Female,China,63621,70.35,73.45
Jacquenette Pinkney,Bigender,Russia,43131,65.61,68.26
Shanon Robbe,Polygender,Syria,43473,86.54,50.49
Engelbert Kemston,Polygender,Philippines,50885,87.7,44.55
Kinnie Cheeney,Genderfluid,Colombia,55002,65.38,56.48
Nollie Fiddymont,Genderqueer,Greece,30808,62.46,45.47
Venita Southward,Female,China,35029,75.4,101.92
Ingamar Jindra,Genderfluid,Albania,57572,82.09,74.19
Kienan Imms,Polygender,China,46626,68.39,69.63
Augustus Doxsey,Genderfluid,Portugal,63129,54.57,67.37
Nyssa Kyrkeman,Agender,Brazil,43846,79.64,49.04
Becky Cheetam,Bigender,Latvia,26296,80.74,52.29
Dedra Welden,Bigender,Papua New Guinea,41512,55.24,75.76
Ardelia Hens,Polygender,Mexico,27415,52.6,81.61
Dominica Dwelly,Polygender,Kenya,58064,78.67,67.82
Eden Lomaz,Genderqueer,Afghanistan,39762,52.99,81.06
Dionne Crebo,Bigender,Ukraine,37718,56.38,41.66
Horton Rowlett,Agender,China,31097,64.76,71.6
Markos Di Ruggiero,Polygender,Russia,26371,65.94,84.57
Dot Toombs,Polygender,Iran,31943,59.61,82.69
Alex Van Oord,Genderfluid,Macedonia,54398,63.22,110.69
Myrtia Jurn,Genderqueer,Colombia,52135,85.7,54.86
Abbott Leveret,Non-binary,China,41124,76.78,64.84
Arney Zollner,Agender,Peru,46729,83.98,90.5
Lebbie Petrolli,Agender,Indonesia,26716,71.07,53.51
Mohammed Beaton,Female,Indonesia,56296,63.62,50.44
Vilhelmina Meric,Agender,Sweden,57467,79.86,58.49
Lana Ivancevic,Non-binary,Portugal,64064,79.02,46.08
Siusan Kensett,Genderqueer,China,50528,57.51,53.44
Maye Mougel,Non-binary,Peru,48162,70.66,67.56
Odette Colbourn,Genderqueer,Philippines,47067,53.9,94.25
Ninnette Duggen,Female,Portugal,64182,76.92,53.02
Toinette Brodie,Genderfluid,Colombia,47811,62.65,47.04
Aldis Pott,Bigender,Rwanda,50683,73.62,111.21
Alvira O'Sculley,Genderqueer,Albania,27369,81.62,55.53
Matthiew Brewse,Genderfluid,North Korea,27692,84.68,77.48
Meryl Goodyer,Non-binary,China,56273,57.21,91.67
Wright Cudiff,Genderfluid,Portugal,46563,59.84,46.32
Kirby Yitzovitz,Female,China,45215,64.18,85.61
Nataniel Argent,Polygender,Spain,29649,78.79,88.7
Deane Checcucci,Female,Greece,58583,79.68,72.55
Janifer Goodale,Polygender,Vietnam,64764,61.82,59.96
Hayley Siggee,Female,Thailand,37410,56.48,109.31
Angeli Tansly,Polygender,Yemen,53154,69.73,61.45
Hendrick De Beneditti,Female,Indonesia,60453,77.39,96.4
Maxie Ferrer,Genderfluid,China,38730,56.25,70.92
Valentin Crossman,Female,Indonesia,30626,78.42,87.51
Tamarah Pellington,Non-binary,Philippines,56311,84.46,70.54
Gigi Killingbeck,Female,South Africa,51376,70.81,83.89
Sherye Roja,Non-binary,China,36873,58.39,47.81
Scott Mawhinney,Polygender,Zimbabwe,27230,50.87,109.7
Haskell Bohlje,Non-binary,Thailand,36112,85.84,76.74
Heddie Drohane,Polygender,Mexico,37277,61.22,57.12
Devlin Shearmur,Genderfluid,United States,53495,88.58,110.81
Alex Lasseter,Female,Peru,41060,67.84,54.72
Kara-lynn Canada,Non-binary,Nigeria,27134,76.66,103.3
Gisele Stuart,Genderfluid,Nigeria,27932,68.87,84.89
Adrianna Perrett,Agender,Portugal,49078,76.29,99.68
Bard Hartle,Genderfluid,Afghanistan,53104,54.17,86.12
Buiron Jaquest,Bigender,Poland,56824,53.77,52.61
Phyllys Praten,Agender,China,43504,72.34,93.28
Thorvald Iiannone,Polygender,China,39874,53.25,102.37
Ilyssa Craighead,Genderfluid,Kazakhstan,47744,68.95,47.59
Shellysheldon Randleson,Genderqueer,Yemen,53935,74.13,111.3
Tye Caswill,Agender,Indonesia,52502,50.14,64.81
Aldin Manueau,Genderfluid,Honduras,35935,53.63,51.97
Sabrina Ladel,Genderqueer,Indonesia,47516,83.67,85.16
Fleming Attaway,Bigender,Indonesia,42671,87.33,105.96
Marlane Nevitt,Polygender,Philippines,43363,58.03,60.85
Arel Matuszyk,Genderqueer,Indonesia,57818,79.77,88.24
Pail Noller,Male,Russia,29170,86.22,99.61
Constanta Mueller,Polygender,Poland,45105,68.76,85.2
Tamera Litchfield,Genderqueer,Philippines,48133,84.41,88.27
Dario Hilling,Non-binary,Guatemala,55724,59.88,70.56
Raf Coll,Male,Tanzania,55015,87.44,93.75
Anton Lanfare,Genderqueer,Japan,60997,58.41,90.48
Lexis Laughlin,Genderqueer,Ukraine,44739,55.33,73.32
Lauryn Basden,Genderfluid,Sri Lanka,38397,54.75,97.27
Sebastian Kefford,Female,Portugal,45699,83.67,83.47
Jerrine Matzaitis,Non-binary,Argentina,48965,74.0,43.3
Lowrance Lessmare,Agender,Greece,49059,78.99,109.27
Regen Aasaf,Agender,Russia,25564,84.28,65.65
Jaine MacIntosh,Genderfluid,France,36253,82.43,57.71
Athene Kubala,Non-binary,Nicaragua,33081,57.32,53.46
Krista Slowey,Genderqueer,Czech Republic,30309,72.14,52.75
Madalyn Bengal,Non-binary,Poland,44225,60.83,108.83
Lyndsey Akitt,Bigender,South Africa,49335,55.06,99.57
Jeannie Drynan,Polygender,China,50717,66.37,63.36
Lucila Mantione,Genderqueer,Colombia,45916,87.88,54.26
Damon McCarter,Genderqueer,Brazil,45748,73.07,72.92
Giles Bromehed,Female,Indonesia,64975,61.07,49.33
Becka Colles,Bigender,Indonesia,64237,52.67,69.86
Talia Colquyte,Female,Russia,44864,68.29,62.67
Ardene Dizlie,Male,Japan,33570,54.7,69.32
Myrtle Miguel,Female,Mexico,58202,50.73,70.47
Clarinda Wivell,Male,Nigeria,38440,76.91,56.31
Erinn Trewett,Male,Argentina,26447,66.12,78.38
Obadias Laurenz,Male,Norway,36060,64.51,71.18
Ronna Ireland,Genderfluid,China,42399,54.7,110.19
Dominique Fryman,Female,Russia,38243,72.23,106.93
Ewen Felgate,Genderqueer,Sweden,37886,68.11,59.85
Margareta Peart,Non-binary,China,52021,70.35,66.33
Bettine Freschi,Agender,China,53563,63.32,73.97
Tootsie Ship,Genderfluid,Croatia,37408,56.32,101.07
Susette Willey,Agender,China,32999,55.52,109.59
Wilbur Welband,Non-binary,Brazil,32011,82.87,68.57
Adeline Tomasz,Bigender,Brazil,44597,86.36,111.82
Marlane Bohlje,Agender,France,48318,67.14,89.83
Georas Britner,Genderqueer,China,37170,86.66,68.74
Doreen Foley,Bigender,Nigeria,58155,82.49,58.81
Meyer Leyton,Genderfluid,Northern Mariana Islands,44298,85.65,50.42
Thia Piggins,Genderqueer,Nigeria,46614,86.51,65.8
Howey Swadon,Genderfluid,Canada,36452,70.79,110.52
Sallie Wogan,Male,Sweden,48357,62.21,44.72
Karry Boxhall,Agender,Philippines,61736,79.71,46.44
Colin Hirche,Bigender,Kazakhstan,41498,51.49,98.34
Murdock Chalice,Bigender,China,30267,85.08,51.03
Priscilla Tremaine,Non-binary,Philippines,50279,84.14,82.62
Stavro Enticott,Genderfluid,Guatemala,41744,68.52,80.63
Wyndham Santus,Female,Indonesia,56334,52.57,87.86
Clotilda McDonnell,Agender,United States,46744,84.87,59.16
Cori Lonie,Bigender,Afghanistan,32623,76.13,102.49
Theodora Deetlof,Bigender,Serbia,51420,78.83,107.57
Kimball Folbige,Agender,Myanmar,63778,85.97,101.69
Elise Semour,Bigender,Indonesia,35226,77.13,93.13
Ivonne Lecount,Bigender,France,46946,65.92,95.22
Simon O'Dea,Bigender,Russia,39179,56.11,109.23
Vale Medd,Non-binary,Indonesia,26872,65.15,92.91
Jorry Breem,Genderqueer,Poland,56593,51.93,109.13
Lorettalorna Tromans,Male,France,32718,53.07,63.03
Rodrique Filipov,Non-binary,Uganda,54274,53.56,43.67
Howey Skains,Genderqueer,Russia,47311,54.0,76.21
Gannon Matousek,Polygender,Russia,33591,68.31,78.36
Cassi Darrigone,Polygender,Portugal,52109,75.67,81.59
Guglielma Aarons,Bigender,Philippines,31155,62.0,71.3
Clive Overal,Female,Azerbaijan,40461,67.83,41.99
Regine Lester,Genderfluid,Nigeria,34064,71.09,76.15
Jefferey Pechold,Non-binary,Mongolia,40627,82.46,97.88
Carolan Trighton,Bigender,United States,46663,78.01,94.64
Alanson Considine,Genderfluid,China,46766,80.31,77.71
Merlina Scrase,Non-binary,Indonesia,58244,52.45,91.37
Nollie Aloigi,Male,China,31876,73.04,48.89
Riccardo Greader,Polygender,Bangladesh,63163,50.51,82.4
Cole Goeff,Female,Portugal,49803,75.56,58.84
Edgard Box,Agender,Uzbekistan,54583,63.72,50.56
Merla Twigley,Polygender,Nicaragua,48078,77.54,75.44
Marigold Broderick,Agender,Jamaica,57602,66.61,71.02
Bartolomeo Twidle,Non-binary,Honduras,42205,51.89,94.6
Skelly Boord,Genderfluid,Bolivia,63930,51.16,58.67
Cynthie Daft,Genderqueer,Dominican Republic,34965,65.48,52.27
Berri Funnell,Bigender,Philippines,52899,69.77,88.5
Carolin Burkwood,Genderfluid,Greece,41622,67.48,100.27
Ericha Fitter,Agender,Russia,61800,72.62,89.95
Horatius Whitcomb,Polygender,China,58516,70.52,104.68
Paulette Margeram,Genderfluid,China,44049,54.79,41.37
Mae Hourstan,Bigender,France,28874,84.12,79.7
Jillene Keneforde,Genderqueer,United States,36687,82.73,41.03
Erwin Collum,Genderfluid,Poland,59454,74.34,93.8
Karen Fryman,Agender,China,46351,60.21,55.2
Alvan Keston,Non-binary,Bulgaria,45306,77.42,70.67
Willa Maffini,Female,Costa Rica,41009,82.28,70.36
Reinhard Dinsell,Male,Afghanistan,44802,51.43,93.01
Dorie Doughton,Non-binary,Philippines,59267,61.17,84.07
Rouvin Fleming,Polygender,South Korea,36952,85.82,89.29
Lloyd Eneas,Agender,China,52561,61.2,57.74
Gregg Drillot,Male,China,25279,71.46,57.64
Adams Bellay,Genderfluid,China,40264,85.48,89.03
Leonie Trustram,Polygender,Indonesia,58973,59.75,64.99
Amelita Fedder,Female,Angola,40885,79.15,49.91
Cassandra Ibotson,Agender,South Africa,42721,85.98,65.8
Amelina Hammarberg,Bigender,Brazil,45291,63.92,48.37
Iago Lamp,Female,Russia,56725,81.08,87.82
Xever Golder,Polygender,China,27272,64.81,86.07
Hildagard Heine,Male,Indonesia,26521,85.99,50.85
Faythe Petran,Polygender,Russia,38842,68.32,42.88
Fedora Headan,Female,Japan,40078,74.87,103.92
Ethelda Maliphant,Male,China,52638,71.73,69.45
Livia Pottes,Agender,Sweden,30163,70.84,60.89
Eduardo Syred,Bigender,Spain,59071,83.42,57.4
Karena Manby,Polygender,Philippines,39476,68.57,76.29
Letta Thurlby,Non-binary,Philippines,58984,75.75,45.15
Fielding Wisbey,Genderqueer,Tanzania,33958,79.87,108.15
Hazel Dightham,Genderqueer,China,35360,65.39,108.72
Cheslie Fawdrie,Non-binary,China,41461,58.32,51.45
Leesa Kellaway,Genderfluid,France,41754,89.03,111.27
Minna Worrall,Female,Chile,49608,55.41,86.91
Dar Tupie,Bigender,Indonesia,63794,73.28,79.18
Willis Cradock,Male,Brazil,28383,74.92,76.82
Laverna Brettell,Polygender,China,37954,62.82,89.65
Garvy Gwinnel,Female,Indonesia,49273,56.66,75.4
Tommy Smalecombe,Polygender,Honduras,60162,87.01,99.58
Rockie Shailer,Non-binary,Vietnam,50523,72.97,111.25
Tammie Poppy,Genderqueer,Finland,39368,86.34,71.99
Eugenie Scramage,Male,Portugal,48851,57.68,97.17
Cassie De Lasci,Bigender,Argentina,25647,86.72,74.98
Ewell Puckey,Agender,Indonesia,25677,69.86,92.99
James Garrard,Male,France,35044,62.3,55.02
Winny Labeuil,Genderqueer,Cuba,36898,58.57,94.64
Morse Brandes,Polygender,Belarus,42114,52.56,82.9
Valentino Breckell,Bigender,Poland,41786,88.07,63.99
Linnell Woodstock,Genderfluid,Indonesia,44539,84.67,85.86
Allie Croisier,Genderfluid,Tanzania,42838,67.97,86.74
Murial Hinrichs,Genderqueer,China,35947,55.18,85.48
Karlene Sturm,Polygender,Poland,64737,72.92,59.97
Muffin Radoux,Male,Philippines,60937,68.24,89.2
Nan Jirak,Genderqueer,Portugal,44942,66.25,61.0
Wilow Joyson,Genderfluid,China,28068,86.09,71.21
Ralina Hallgarth,Genderqueer,Ireland,39793,75.45,58.88
Glenn Breede,Genderfluid,Egypt,59185,65.37,93.15
Juliann Toller,Agender,Ukraine,64313,77.74,45.08
Rosemaria Mulvy,Non-binary,United States,27735,56.67,78.01
Mag Hadny,Polygender,Kyrgyzstan,61548,59.58,68.22
Meredeth Innerstone,Non-binary,Indonesia,27838,54.76,87.81
Kit Bullcock,Non-binary,United States,45140,79.65,69.56
Arliene Askey,Male,Poland,40594,61.91,71.21
Ebonee Willers,Agender,Russia,49974,56.19,86.59
Zonnya Eshmade,Polygender,Russia,48298,68.46,49.95
Nerita De Lacey,Male,North Korea,51012,51.09,111.19
Ronnie Bencher,Bigender,Chile,56688,73.81,66.59
Aurie Spacy,Genderfluid,United States,32025,70.62,108.2
Estel Van Oort,Genderqueer,Chile,39202,89.32,47.35
Pepillo Jedras,Male,Brazil,26147,71.08,109.63
Troy Pittway,Genderqueer,Indonesia,42544,62.84,55.58
Carlotta Kinnie,Polygender,Indonesia,51762,75.2,47.79
Brad Akaster,Non-binary,Netherlands,43764,62.13,98.36
Modesty Kenson,Non-binary,Mexico,49239,51.6,98.22
Ondrea Atkin,Non-binary,Brazil,38799,66.27,60.46
Allyn Kinig,Polygender,China,60455,53.82,95.15
Rob Gasking,Female,United States,52249,89.58,104.9
Jud McClinton,Male,Oman,30281,61.07,40.51
Peadar Trahear,Female,New Zealand,39169,87.45,85.13
Lesya Kennett,Female,Czech Republic,32015,69.37,60.88
Meris Cuzen,Female,Mexico,61370,63.69,59.55
Blancha Millea,Genderfluid,France,34195,53.9,68.28
Francois Emerson,Non-binary,Thailand,39471,88.21,56.0
Regen Creeboe,Genderfluid,France,61798,82.11,105.27
Mella MacLardie,Bigender,Brazil,63861,77.4,92.68
Jewelle Colthard,Agender,Kenya,48037,79.34,48.85
Angie Zuanelli,Agender,China,36294,57.48,56.11
Lesly Lemin,Genderfluid,Poland,45063,84.37,58.52
Mona Warters,Polygender,Indonesia,50772,58.12,57.84
Brianna Polotti,Agender,Russia,40961,72.88,104.15
Percival Ancell,Female,Honduras,57543,86.11,95.94
Breena Thridgould,Bigender,Japan,61697,67.36,57.86
Mariejeanne Landsman,Bigender,Russia,30257,61.76,51.59
Davita Geram,Female,China,58634,84.71,76.89
Cathrine Eastridge,Female,Portugal,58940,53.54,81.2
Melitta Kowalik,Genderqueer,Poland,48805,64.61,70.74
Skippy Guilleton,Genderfluid,South Africa,61042,59.9,100.07
Goraud Middell,Agender,Ukraine,29832,57.17,101.17
Ruddie Cooke,Polygender,Portugal,43900,66.99,110.43
Amalee Diter,Female,China,58528,56.02,90.77
Paolina Whyman,Bigender,Poland,32826,82.97,86.19
Jacquelynn Stobbie,Genderqueer,China,59405,77.91,54.48
Benedikt Nekrews,Non-binary,Indonesia,41542,53.03,77.89
Alejandrina Leverage,Female,Thailand,60296,78.21,63.82
Morganne Jaye,Genderqueer,Canada,58215,54.81,81.97
Derry Muldowney,Male,Norway,34355,62.1,98.1
Winfred Waldock,Non-binary,Pakistan,58879,50.16,50.37
